n,method,repo_relative_script,script_sha256,return_code,timed_out,elapsed_seconds,status,splits,maximum_depth,minimum_leaf_lower_bound,stdout_log,stderr_log
7,componentwise,certifiers/n07/componentwise.py,dfd437049e78668b0a305a5513e678627d16d2f6cd53e041c51c8c77b7902554,0,False,1.654238,CERTIFIED,489,22,,logs/n07_componentwise.stdout.txt,logs/n07_componentwise.stderr.txt
7,spectral,certifiers/n07/spectral.py,10faf8c795c856ab07448d251a91a004d9a6f15c571e1c9aec6824bfd31807ee,0,False,0.938998,CERTIFIED,499,23,,logs/n07_spectral.stdout.txt,logs/n07_spectral.stderr.txt
8,componentwise,certifiers/n08/componentwise.py,20995594c77a4bbcf4a66772555c3ca44103bee61b3753ea3b906b2ba744e044,0,False,2.098756,CERTIFIED,623,23,,logs/n08_componentwise.stdout.txt,logs/n08_componentwise.stderr.txt
8,spectral,certifiers/n08/spectral.py,954e617b47dc6b16f66897d53b66c81c0ce6c53146d92d494a4d8a8322a0a952,0,False,1.210009,CERTIFIED,647,24,,logs/n08_spectral.stdout.txt,logs/n08_spectral.stderr.txt
10,componentwise,certifiers/n10/componentwise.py,13a48d75f20dc66758d0d63ef5725e92394a2e2ffd2f73235c4345f6db72c97f,0,False,5.128281,CERTIFIED,1371,26,,logs/n10_componentwise.stdout.txt,logs/n10_componentwise.stderr.txt
10,spectral,certifiers/n10/spectral.py,0c57b091ee3d9322acbb8b464694b465bce45527a9f1dc8e0ebb37fd3f9ae5c6,0,False,2.323239,CERTIFIED,1381,26,,logs/n10_spectral.stdout.txt,logs/n10_spectral.stderr.txt
11,componentwise,certifiers/n11/componentwise.py,73d1f99a5bfa17bec7988c1c7b6a1ac9ec698fa4fd2b7a52829777c9761a9f60,0,False,5.119129,CERTIFIED,1271,25,,logs/n11_componentwise.stdout.txt,logs/n11_componentwise.stderr.txt
11,spectral,certifiers/n11/spectral.py,83201cac7874898ff938f116962ff8d8b8ef65a1e092c71801d4083137d23a8a,0,False,2.447613,CERTIFIED,1375,26,,logs/n11_spectral.stdout.txt,logs/n11_spectral.stderr.txt
12,componentwise,certifiers/n12/componentwise.py,55d605d44343bbee0f46b994b03e21ef72d2fdd5ec927775f27556559fd11906,0,False,15.383951,CERTIFIED,1833,37,,logs/n12_componentwise.stdout.txt,logs/n12_componentwise.stderr.txt
12,spectral,certifiers/n12/spectral.py,97f778c36c9250d7e55161c4c73ffbcdacb530ee289cbc9a1e3ecd4111567298,0,False,4.046686,CERTIFIED,2059,38,,logs/n12_spectral.stdout.txt,logs/n12_spectral.stderr.txt
14,componentwise,certifiers/n14/componentwise.py,ff49ba3cf5f6868306fc8debb29bdf69baa0a8eb6e16183d2c53fdc97504527f,0,False,32.836845,CERTIFIED,2215,35,,logs/n14_componentwise.stdout.txt,logs/n14_componentwise.stderr.txt
14,spectral,certifiers/n14/spectral.py,426efc8cd7e303bfb03cbe47bcdcef76cbd9ad770afa02cb125d0243e71a3773,0,False,11.342895,CERTIFIED,2643,35,,logs/n14_spectral.stdout.txt,logs/n14_spectral.stderr.txt
15,componentwise,certifiers/n15/componentwise.py,1dff830ce19f17d876047da0a8954ff29ca11f5bfb71cae9ebace2a258f66db9,0,False,35.296514,CERTIFIED,2941,37,,logs/n15_componentwise.stdout.txt,logs/n15_componentwise.stderr.txt
15,spectral,certifiers/n15/spectral.py,a6ec722f3c7681db271bc0e9471561cf0ea022693a762848b1a03042ea83b7eb,0,False,19.818906,CERTIFIED,3645,38,,logs/n15_spectral.stdout.txt,logs/n15_spectral.stderr.txt
16,componentwise,certifiers/n16/componentwise.py,b762c1dfa34ef7dfd52c1a7bc8b6d97805d548ee82bc0af9d3d4b375884d4475,0,False,38.590395,CERTIFIED,2695,36,,logs/n16_componentwise.stdout.txt,logs/n16_componentwise.stderr.txt
16,spectral,certifiers/n16/spectral.py,a0919dbcaab8aec4e3e0caa00c69a50d98432bee8572ca12f0a6b88cda037a57,0,False,34.300662,CERTIFIED,3263,37,,logs/n16_spectral.stdout.txt,logs/n16_spectral.stderr.txt
17,componentwise,certifiers/n17/componentwise.py,425a6c1bd8cc2cb1590c5bc85e09936517e45c688d7af44253051270dbbca2f4,0,False,26.920169,CERTIFIED,1995,27,,logs/n17_componentwise.stdout.txt,logs/n17_componentwise.stderr.txt
17,spectral,certifiers/n17/spectral.py,b566d9315dfcb16f865e0aa059c60974f30c17e7e05e5c4d362f40e469a0f393,0,False,10.680531,CERTIFIED,2119,27,,logs/n17_spectral.stdout.txt,logs/n17_spectral.stderr.txt
18,componentwise,certifiers/n18/componentwise.py,f7fd619f2d24e0a341ae4a706d6c4ea7821691478f263a52836a5cad7eb3ce2b,0,False,11.046945,CERTIFIED,533,25,,logs/n18_componentwise.stdout.txt,logs/n18_componentwise.stderr.txt
18,spectral,certifiers/n18/spectral.py,21f710de409306b8fbf79b0e70ee67c57f20b36ad24e8cade39101d454eebdf9,0,False,5.011116,CERTIFIED,541,25,,logs/n18_spectral.stdout.txt,logs/n18_spectral.stderr.txt
19,componentwise,certifiers/n19/componentwise.py,1435a46ffda7047483ee92ba00fe8edaa77f157e3ce192a6a5bd5ec91f705d2e,0,False,35.483685,CERTIFIED,2076,25,,logs/n19_componentwise.stdout.txt,logs/n19_componentwise.stderr.txt
19,spectral,certifiers/n19/spectral.py,027a5447adfa6a78de54b8097dbbe639c68c5fd8b481407b672bd06bd3f84e51,0,False,14.29405,CERTIFIED,2148,28,,logs/n19_spectral.stdout.txt,logs/n19_spectral.stderr.txt
20,componentwise,certifiers/n20/componentwise.py,3ce07996f9004413956dd7f8ba7de7285d308a17c3e0b62fc2d79779534d7838,0,False,14.137279,CERTIFIED,664,23,,logs/n20_componentwise.stdout.txt,logs/n20_componentwise.stderr.txt
20,spectral,certifiers/n20/spectral.py,7a75508276bbdd6d24d4c0da1d5bf3e5276521e4849fac6b9a16559641f8e0c3,0,False,7.384255,CERTIFIED,726,24,,logs/n20_spectral.stdout.txt,logs/n20_spectral.stderr.txt
21,componentwise,certifiers/n21/componentwise.py,b9ad15439b16b94c3be58c1fb395fae2633441c1aa8891471ab1adce3b384a40,0,False,66.408884,CERTIFIED,2955,27,,logs/n21_componentwise.stdout.txt,logs/n21_componentwise.stderr.txt
21,spectral,certifiers/n21/spectral.py,85242f60b80f7afef030a0e29f8db28097322d9e3fe47441d154cb3ec67cf167,0,False,25.135992,CERTIFIED,3169,28,,logs/n21_spectral.stdout.txt,logs/n21_spectral.stderr.txt
22,componentwise,certifiers/n22/componentwise.py,8d6fc610a0fc71e8259e711346b298859fc6e9a0563e87f6007f60dc79e7e131,0,False,22.509486,CERTIFIED,805,26,,logs/n22_componentwise.stdout.txt,logs/n22_componentwise.stderr.txt
22,spectral,certifiers/n22/spectral.py,67811e3c0e88cdc4fc1c68dc55c5e5e4e4f2981be7bca1419c6d674df32e84a0,0,False,10.40732,CERTIFIED,897,27,,logs/n22_spectral.stdout.txt,logs/n22_spectral.stderr.txt
23,componentwise,certifiers/n23/componentwise.py,9d0aecf12bc563e8f91369d3c37ab930beff7327cc053305b8eee660fdb80a63,0,False,22.607356,CERTIFIED,909,26,,logs/n23_componentwise.stdout.txt,logs/n23_componentwise.stderr.txt
23,spectral,certifiers/n23/spectral.py,9378593164ade7411bf28bce9054c496b0827397ef769265492570bb75c934c0,0,False,11.599727,CERTIFIED,994,26,,logs/n23_spectral.stdout.txt,logs/n23_spectral.stderr.txt
24,componentwise,certifiers/n24/componentwise.py,3a96f293615aabdfb4efbc94dc663f1ef5cdde31a9b957e38d1401c5c47491c0,0,False,14.535269,CERTIFIED,611,23,,logs/n24_componentwise.stdout.txt,logs/n24_componentwise.stderr.txt
24,spectral,certifiers/n24/spectral.py,f31b5f27c6cbf623def2ed097df72752c277196184c1b560780488221872d135,0,False,6.811449,CERTIFIED,617,25,,logs/n24_spectral.stdout.txt,logs/n24_spectral.stderr.txt
25,componentwise,certifiers/n25/componentwise.py,7405117124c05471649c6624ed70d66eafc0b11dcd69f80b2c21e0d27e54a2b5,0,False,16.504288,CERTIFIED,695,24,,logs/n25_componentwise.stdout.txt,logs/n25_componentwise.stderr.txt
25,spectral,certifiers/n25/spectral.py,f909b4d17a6baa704ff39ef1a1f7cb39c7b691e9f1976a2f3805c68cce973fb3,0,False,4.309859,CERTIFIED,683,24,,logs/n25_spectral.stdout.txt,logs/n25_spectral.stderr.txt
26,componentwise,certifiers/n26/componentwise.py,7c839d6c73e01d12ef1cc5bbbde832436846b66695640be105e4e413c301d017,0,False,15.446881,CERTIFIED,808,24,,logs/n26_componentwise.stdout.txt,logs/n26_componentwise.stderr.txt
26,spectral,certifiers/n26/spectral.py,001c87a90f11e7c1ccb5a8293db3b7396179726dd720e1982cdec184f5a7800c,0,False,7.362412,CERTIFIED,828,25,,logs/n26_spectral.stdout.txt,logs/n26_spectral.stderr.txt
27,componentwise,certifiers/n27/componentwise.py,adfe4163a7b29957417a822dbf5acb813cc5c91369dda8882e98571c12afbaf9,0,False,21.849753,CERTIFIED,820,24,,logs/n27_componentwise.stdout.txt,logs/n27_componentwise.stderr.txt
27,spectral,certifiers/n27/spectral.py,772944ac9032e47510eb3d1dfe3f48d24f3457b836ec78f4609943177685d429,0,False,9.026957,CERTIFIED,813,25,,logs/n27_spectral.stdout.txt,logs/n27_spectral.stderr.txt
28,componentwise,certifiers/n28/componentwise.py,fd897003a016dd8d01e298f5e0667631308696fe1c8c266bf0e30e2d4e5d0f43,0,False,24.168593,CERTIFIED,817,22,,logs/n28_componentwise.stdout.txt,logs/n28_componentwise.stderr.txt
28,spectral,certifiers/n28/spectral.py,6ce32b079e29c5430ba08db60251c96cbfe496fd5aa64806546dd79097d546c0,0,False,10.858358,CERTIFIED,780,23,,logs/n28_spectral.stdout.txt,logs/n28_spectral.stderr.txt
29,componentwise,certifiers/n29/componentwise.py,815b1c1a391ec462cae1a390c839ddd7b8dce2309676e7b79799272ee2be230f,0,False,16.493783,CERTIFIED,749,24,,logs/n29_componentwise.stdout.txt,logs/n29_componentwise.stderr.txt
29,spectral,certifiers/n29/spectral.py,f81bab832227776615da79b1b342bd58540a449242e389516731897a13378dee,0,False,7.452778,CERTIFIED,690,24,,logs/n29_spectral.stdout.txt,logs/n29_spectral.stderr.txt
30,componentwise,certifiers/n30/componentwise.py,d83a6c20183b51885906e27c947bfbc635b3320245b6752af3b23a49f91d8108,0,False,32.685904,CERTIFIED,865,23,,logs/n30_componentwise.stdout.txt,logs/n30_componentwise.stderr.txt
30,spectral,certifiers/n30/spectral.py,067b7246427c4517f5105f58eea2f40aeb729782decc4046d5904412775db8ac,0,False,11.491841,CERTIFIED,877,24,,logs/n30_spectral.stdout.txt,logs/n30_spectral.stderr.txt
31,componentwise,certifiers/n31/componentwise.py,31874c22b41d7146f312f0c80eac8d417ff9d533b5e5bfc97f889c7f96337db7,0,False,21.981745,CERTIFIED,791,23,,logs/n31_componentwise.stdout.txt,logs/n31_componentwise.stderr.txt
31,spectral,certifiers/n31/spectral.py,127490b1b34526eff6e57d73f224ae974bfac806cebbac7c56e51582b1e4f08d,0,False,13.296083,CERTIFIED,759,24,,logs/n31_spectral.stdout.txt,logs/n31_spectral.stderr.txt
32,componentwise,certifiers/n32/componentwise.py,49e094adc78510a1961bf096f2b9d19995f902031617ec4dd8d7db51d5860354,0,False,28.827237,CERTIFIED,811,26,,logs/n32_componentwise.stdout.txt,logs/n32_componentwise.stderr.txt
32,spectral,certifiers/n32/spectral.py,db22e646a5898c337b4d777052dee736098886cf7c452725a60445091d7e5bdf,0,False,10.538191,CERTIFIED,773,26,,logs/n32_spectral.stdout.txt,logs/n32_spectral.stderr.txt
33,componentwise,certifiers/n33/componentwise.py,7a99834b30e6f57ba85b4fdbf1470b3c20fd2fffffcc78ecd7d88d5aae966a7b,0,False,36.140895,CERTIFIED,934,23,,logs/n33_componentwise.stdout.txt,logs/n33_componentwise.stderr.txt
33,spectral,certifiers/n33/spectral.py,e5e9693f305c03b8bd4038159fec45a457e1761cedbf2ca0d2c56e4f6bea0eee,0,False,13.884008,CERTIFIED,930,24,,logs/n33_spectral.stdout.txt,logs/n33_spectral.stderr.txt
34,componentwise,certifiers/n34/componentwise.py,7e2e9f101b358f4616d14c77fe50db05ce5c61e4064c57213905ff0861f5e8e3,0,False,51.552162,CERTIFIED,1375,25,,logs/n34_componentwise.stdout.txt,logs/n34_componentwise.stderr.txt
34,spectral,certifiers/n34/spectral.py,21a118bd47c4307d3a057b798b7f9867693557fac0c6faa7f690e2eb8eda5258,0,False,17.431899,CERTIFIED,1481,26,,logs/n34_spectral.stdout.txt,logs/n34_spectral.stderr.txt
35,componentwise,certifiers/n35/componentwise.py,f674187c6f91f88faca1d23d1a88ac50dc73f5e739d2e0d863bddbbf71e138db,0,False,29.533661,CERTIFIED,758,25,,logs/n35_componentwise.stdout.txt,logs/n35_componentwise.stderr.txt
35,spectral,certifiers/n35/spectral.py,449baf497cb1b9e71ae397ac0087a284c07913c93dd7ab0e2110300f3d0e490d,0,False,13.441987,CERTIFIED,737,26,,logs/n35_spectral.stdout.txt,logs/n35_spectral.stderr.txt
36,componentwise,certifiers/n36/componentwise.py,8ca1117e41f59d66979a3486409586646dd80cd311d7d7c9c989bc0216aa60b0,0,False,53.781847,CERTIFIED,1137,25,,logs/n36_componentwise.stdout.txt,logs/n36_componentwise.stderr.txt
36,spectral,certifiers/n36/spectral.py,f1f38dee8d49f821fc3e8e4b9169d1bae063048a545b54c60a8323000d0aebf0,0,False,18.026152,CERTIFIED,1146,25,,logs/n36_spectral.stdout.txt,logs/n36_spectral.stderr.txt
37,componentwise,certifiers/n37/componentwise.py,7c9bea318e9f56fc6381f2efd4cb78fb4b420ab9f025ce36e31431db635a89ce,0,False,42.134301,CERTIFIED,851,31,,logs/n37_componentwise.stdout.txt,logs/n37_componentwise.stderr.txt
37,spectral,certifiers/n37/spectral.py,d756610d0068ced49e395497da5b283d9f612bf42d965dc747ed0ce766ed7021,0,False,15.278074,CERTIFIED,808,32,,logs/n37_spectral.stdout.txt,logs/n37_spectral.stderr.txt
38,componentwise,certifiers/n38/componentwise.py,86a84bbbba395c6fbbc66e86b75f3107668755261bc64cc86d1cf17ee17eee01,0,False,35.238818,CERTIFIED,823,27,,logs/n38_componentwise.stdout.txt,logs/n38_componentwise.stderr.txt
38,spectral,certifiers/n38/spectral.py,a42220b8a9e91245ef0788916680c4e035d5e5a7c12b0361cdd9e38f4115be95,0,False,15.789308,CERTIFIED,821,28,,logs/n38_spectral.stdout.txt,logs/n38_spectral.stderr.txt
39,componentwise,certifiers/n39/componentwise.py,d2dbff04960882f093a478020d1be1652af03db40595569585f6244fb0cf6a7b,0,False,41.089164,CERTIFIED,828,25,,logs/n39_componentwise.stdout.txt,logs/n39_componentwise.stderr.txt
39,spectral,certifiers/n39/spectral.py,d09ac710455134b0f39a01afaab11d6b2c488d74acbe7ff1fdde94eb6fbcb4ee,0,False,17.797411,CERTIFIED,839,26,,logs/n39_spectral.stdout.txt,logs/n39_spectral.stderr.txt
40,componentwise,certifiers/n40/componentwise.py,fff94d54441841c4a1ca552f18cf400869080a8ad2f062d2f4bd314925a1bfcc,0,False,46.635262,CERTIFIED,1094,30,,logs/n40_componentwise.stdout.txt,logs/n40_componentwise.stderr.txt
40,spectral,certifiers/n40/spectral.py,d084826e9a6be55772f1e9994100538f3436a1a4dc8fda21d9f505f8eed913e3,0,False,25.388422,CERTIFIED,1168,30,,logs/n40_spectral.stdout.txt,logs/n40_spectral.stderr.txt
41,componentwise,certifiers/n41/componentwise.py,489c962165bb0ce7439509defee1d569bbe74f4755a67390ebf34a4b21e52197,0,False,23.197617,CERTIFIED,895,25,,logs/n41_componentwise.stdout.txt,logs/n41_componentwise.stderr.txt
41,spectral,certifiers/n41/spectral.py,e440c281fb322042e8acc82fe265a0095d007b32dba58cd07cbcc352d59951a0,0,False,7.412391,CERTIFIED,943,25,,logs/n41_spectral.stdout.txt,logs/n41_spectral.stderr.txt
42,componentwise,certifiers/n42/componentwise.py,451d6c93e7badd093952f9a33187969562f3a4b6a2b3f2621229429c7207af64,0,False,49.314219,CERTIFIED,958,26,,logs/n42_componentwise.stdout.txt,logs/n42_componentwise.stderr.txt
42,spectral,certifiers/n42/spectral.py,485d0cc38eba2a252ce09e00db1372f19ca81775cd0de91033624241e4bcbc12,0,False,25.855723,CERTIFIED,969,26,,logs/n42_spectral.stdout.txt,logs/n42_spectral.stderr.txt
43,componentwise,certifiers/n43/componentwise.py,ece7ed3acc6d1d4d3b7bef46483adc860ece9103f15e18c18bce94981f283db9,0,False,40.090493,CERTIFIED,865,25,,logs/n43_componentwise.stdout.txt,logs/n43_componentwise.stderr.txt
43,spectral,certifiers/n43/spectral.py,18db29b532ad0df997d63d1bf9875571af494502216be4b46ba70e0137751363,0,False,21.64081,CERTIFIED,887,26,,logs/n43_spectral.stdout.txt,logs/n43_spectral.stderr.txt
44,componentwise,certifiers/n44/componentwise.py,a99b070da0a510143544d0f396cc00c835c8b17f50a8fbecd734eea67ece3615,0,False,52.603847,CERTIFIED,914,26,,logs/n44_componentwise.stdout.txt,logs/n44_componentwise.stderr.txt
44,spectral,certifiers/n44/spectral.py,1b27a7c792f72337368a17bc5b997d03a89a0996ce65e289185e4a7f070018c1,0,False,20.468511,CERTIFIED,906,27,,logs/n44_spectral.stdout.txt,logs/n44_spectral.stderr.txt
45,componentwise,certifiers/n45/componentwise.py,bac94c95f73eaccc89cbaf5cfce5d722c60eba53e38d92cbb845f99ada1e1453,0,False,54.61625,CERTIFIED,1061,26,,logs/n45_componentwise.stdout.txt,logs/n45_componentwise.stderr.txt
45,spectral,certifiers/n45/spectral.py,fb7fda0e8003bfa4e03e23fe97b90fba41800ea180746756d34adddd2bd47782,0,False,22.68341,CERTIFIED,1125,27,,logs/n45_spectral.stdout.txt,logs/n45_spectral.stderr.txt
46,componentwise,certifiers/n46/componentwise.py,55e37060b1f25c5c493c0c6ebdafd83e0bdb1e56a44dfe6be6a39fe5ee9ac9e2,0,False,58.797803,CERTIFIED,1131,27,,logs/n46_componentwise.stdout.txt,logs/n46_componentwise.stderr.txt
46,spectral,certifiers/n46/spectral.py,b43420fad3cb87a42f0b18daaace7f3879a17f47506db3cdda576af78d887cdf,0,False,29.6792,CERTIFIED,1170,27,,logs/n46_spectral.stdout.txt,logs/n46_spectral.stderr.txt
47,componentwise,certifiers/n47/componentwise.py,d7e919175fb2c0ebc5915e458d28b5bfa63f779238b05b41566ecb65564979bd,0,False,39.340639,CERTIFIED,1094,26,,logs/n47_componentwise.stdout.txt,logs/n47_componentwise.stderr.txt
47,spectral,certifiers/n47/spectral.py,575fcbef082c758a767d4710cee78c28f4f2aa3c3031f2ba2b278f6d58640b5e,0,False,29.313035,CERTIFIED,1160,27,,logs/n47_spectral.stdout.txt,logs/n47_spectral.stderr.txt
48,componentwise,certifiers/n48/componentwise.py,d122e07959b5a49c175560b045b9f523f81c308562d1a969b1a00495daec4370,0,False,22.51192,CERTIFIED,759,25,,logs/n48_componentwise.stdout.txt,logs/n48_componentwise.stderr.txt
48,spectral,certifiers/n48/spectral.py,d60aad34ed9c19cfeae5523d3d7c95fc373f3f73e97342d9b4187024b224050f,0,False,8.758409,CERTIFIED,706,26,,logs/n48_spectral.stdout.txt,logs/n48_spectral.stderr.txt
49,componentwise,certifiers/n49/componentwise.py,f1c0a2cf7c1afafc5c838e825ecefdddf2cc4b38f32f81027dcece1d61d19847,0,False,27.108581,CERTIFIED,900,23,,logs/n49_componentwise.stdout.txt,logs/n49_componentwise.stderr.txt
49,spectral,certifiers/n49/spectral.py,65c5b6499a192db64cdf39a5118e7be0f9b67091b90abfd123c71bf9b28661c7,0,False,10.282542,CERTIFIED,902,23,,logs/n49_spectral.stdout.txt,logs/n49_spectral.stderr.txt
50,componentwise,certifiers/n50/componentwise.py,4d0641eee139c9cf898465a240e199a7311beec272fb37da0c71b30d4fc5940b,0,False,30.141678,CERTIFIED,936,24,,logs/n50_componentwise.stdout.txt,logs/n50_componentwise.stderr.txt
50,spectral,certifiers/n50/spectral.py,4e35f48e860e8dc4af8be3eb1c5c5fa53fe55c9f12456d97166db7947000423f,0,False,11.161937,CERTIFIED,915,24,,logs/n50_spectral.stdout.txt,logs/n50_spectral.stderr.txt
51,componentwise,certifiers/n51/componentwise.py,7b28f808dd7284e7996f68d127e23198fd30bac9eed86a2e5249eea8e6f63005,0,False,27.629602,CERTIFIED,856,26,,logs/n51_componentwise.stdout.txt,logs/n51_componentwise.stderr.txt
51,spectral,certifiers/n51/spectral.py,08e3a1e44de0852f58fd54443bdac63d7b36d5e205891f16b84b1719ae69beeb,0,False,11.233806,CERTIFIED,825,26,,logs/n51_spectral.stdout.txt,logs/n51_spectral.stderr.txt
52,componentwise,certifiers/n52/componentwise.py,31b637e31b88e311a501f2d3e043b62578f66af9380eab88f82fe470b244a54f,0,False,24.685675,CERTIFIED,767,22,,logs/n52_componentwise.stdout.txt,logs/n52_componentwise.stderr.txt
52,spectral,certifiers/n52/spectral.py,3bffc50763d01d50f58350df83550a9eca9e2116139ddac8cd8938bcad3b5c10,0,False,9.71722,CERTIFIED,721,23,,logs/n52_spectral.stdout.txt,logs/n52_spectral.stderr.txt
