n,certified_lower_bound,rigorous_upper_witness,interval_width,source_count,minimum_source_separation,symmetry_or_family,all_local_minima_count,spectral_splits,spectral_maximum_depth,componentwise_splits,componentwise_maximum_depth,submitted_lower_bound,external_status,configuration_path,spectral_verifier_path,componentwise_verifier_path,full_replay_status,notes
7,35.9098,35.90989421275111691174209144636219718107963706617253636521464259955599,0.00009421275111691174209144636219718107963706617253636521464259955599,7,0.3379011191887602909771784824649666395177403629374731720096303804387905397607264398492535845616479717,reflection x -> 1-x,10,499,23,489,22,35.9098,EMAIL_SUBMITTED,data/configurations/n07/coordinates.csv,certifiers/n07/spectral.py,certifiers/n07/componentwise.py,CERTIFIED,CERTIFIED_FIXED_CONFIGURATION_EXCEEDS_DISPLAYED_FIGURE
8,47.8390,47.83910647844590952575099945479720352076697462477898666567915612063996,0.00010647844590952575099945479720352076697462477898666567915612063996,8,0.3829089356417276788976225413115465128564290837985984934612463715810541345564700114370572352063799551,full square D4,13,647,24,623,23,47.8390,EMAIL_SUBMITTED,data/configurations/n08/coordinates.csv,certifiers/n08/spectral.py,certifiers/n08/componentwise.py,CERTIFIED,CERTIFIED_FIXED_CONFIGURATION_EXCEEDS_DISPLAYED_FIGURE
10,62.4087,62.40874151529198443342244194821838213311808889840007237075239330752118,0.00004151529198443342244194821838213311808889840007237075239330752118,10,0.00100000000000000,reflection x -> 1-x; all points distinct; closest pair separated by 0.001,16,1381,26,1371,26,62.4087,EMAIL_SUBMITTED,data/configurations/n10/coordinates.csv,certifiers/n10/spectral.py,certifiers/n10/componentwise.py,CERTIFIED,CERTIFIED_FIXED_CONFIGURATION_EXCEEDS_DISPLAYED_FIGURE
11,74.3527,74.35275339387869684569821099896933998367996268135603936013401889815678,0.00005339387869684569821099896933998367996268135603936013401889815678,11,0.2896202909704420988758815344874469385033707655878306862144951113033125977156168005951751487918353709,reflections x -> 1-x and y -> 1-y,18,1375,26,1271,25,74.3527,EMAIL_SUBMITTED,data/configurations/n11/coordinates.csv,certifiers/n11/spectral.py,certifiers/n11/componentwise.py,CERTIFIED,CERTIFIED_FIXED_CONFIGURATION_EXCEEDS_DISPLAYED_FIGURE
12,83.57159574,83.571595749398494972243222662438008021569476042478439487579559077993618708584107,0.000000009398494972243222662438008021569476042478439487579559077993618708584107,12,0.2487931811220751659404167468713980047335743735411566318133285945612528371311206451546836824649083996,none imposed; fully asymmetric fixed configuration,,2059,38,1833,37,83.57159574,EMAIL_SUBMITTED,data/configurations/n12/coordinates.csv,certifiers/n12/spectral.py,certifiers/n12/componentwise.py,CERTIFIED,CERTIFIED_FIXED_CONFIGURATION_EXCEEDS_DISPLAYED_FIGURE
14,106.1907263,106.190726432589839664788216616613091270446957034236337769914698824603586272000349718018417,0.000000132589839664788216616613091270446957034236337769914698824603586272000349718018417,14,0.21563324958867536,,24,2643,35,2215,35,106.1907263,DIRECT_OFFICIAL_LISTING_CONFIRMED; EMAIL_SUBMITTED,data/configurations/n14/coordinates.csv,certifiers/n14/spectral.py,certifiers/n14/componentwise.py,CERTIFIED,RETAINED_CERTIFIED_FIXED_CONFIGURATION
15,115.1635457,115.163545738140865425310886989792958990774562099421856468660672334475379483037735242850052,0.000000038140865425310886989792958990774562099421856468660672334475379483037735242850052,15,0.2610378046273534777923080659401956398751996687311502998214177037600820167902571733225619681729865699,provenance: left-right reflective family; the published finite decimals have no exact non-identity square symmetry,25,3645,38,2941,37,113.19143,DIRECT_OFFICIAL_LISTING_CONFIRMED; EMAIL_SUBMITTED,data/configurations/n15/coordinates.csv,certifiers/n15/spectral.py,certifiers/n15/componentwise.py,CERTIFIED,IMPROVED_CERTIFIED_FIXED_CONFIGURATION
16,125.4580973,125.4580973509497070421543882789185178878418880453026583247201051360930,0.0000000509497070421543882789185178878418880453026583247201051360930,16,0.2104088772371703657791046958695040804001518496748139362854200762321522648420999791371658488873978551,provenance: retained verifier; the published finite decimals are exactly invariant under x -> 1-x and y -> 1-y and 180-degree rotation but not under diagonal reflections or 90-degree rotations,26,3263,37,2695,36,125.4580973,EMAIL_SUBMITTED,data/configurations/n16/coordinates.csv,certifiers/n16/spectral.py,certifiers/n16/componentwise.py,CERTIFIED,RETAINED_NO_IMPROVEMENT_FOUND
17,134.8597,134.8597316325459898074680486682697058008094274452829125609696389609013,0.0000316325459898074680486682697058008094274452829125609696389609013,17,0.1973397780026910379243610990000446091208661250390181160003338994242092116524062930022887203010567622,none/full square,26,2119,27,1995,27,133.9074427,EMAIL_SUBMITTED,data/configurations/n17/coordinates.csv,certifiers/n17/spectral.py,certifiers/n17/componentwise.py,CERTIFIED,IMPROVED_FULLY_ASYMMETRIC
18,147.3404,147.3404290637407826582944090544740390291630269181014741302042218693485,0.0000290637407826582944090544740390291630269181014741302042218693485,18,0.2183328195059586972988239977069525903167649237367855285786487733375180015095599497395501979270245376,D2 quarter-square,27,541,25,533,25,141.5565348,EMAIL_SUBMITTED,data/configurations/n18/coordinates.csv,certifiers/n18/spectral.py,certifiers/n18/componentwise.py,CERTIFIED,IMPROVED_D2_SYMMETRIC
19,159.3798,159.3798180108150558420404929931202685738003114741025154348296294288468,0.0000180108150558420404929931202685738003114741025154348296294288468,19,0.1990047270225217095631968718458908932549184835587560588359170719334334793810654018801682285742668431,none/full square,28,2148,28,2076,25,152.8544825,EMAIL_SUBMITTED,data/configurations/n19/coordinates.csv,certifiers/n19/spectral.py,certifiers/n19/componentwise.py,CERTIFIED,IMPROVED_FULLY_ASYMMETRIC
20,174.6555,174.6555982593057947522924944089833286212830318071207571654947266038657,0.0000982593057947522924944089833286212830318071207571654947266038657,20,0.2167048464077485334443395491811020971298696803893328839634309548844288810423910297192814798464288827,D4 symmetric 20-point configuration,,726,24,664,23,165.2728601,EMAIL_SUBMITTED,data/configurations/n20/coordinates.csv,certifiers/n20/spectral.py,certifiers/n20/componentwise.py,CERTIFIED,IMPROVED
21,184.4391,184.4391463526391812878241385338060171477445273271569492006328899395052,0.0000463526391812878241385338060171477445273271569492006328899395052,21,0.2088750294907897567492715888116652827307878388598907877715733840739687244120290970347701349660435757,fully asymmetric 21-point exchange-refined configuration,,3169,28,2955,27,172.6585459,EMAIL_SUBMITTED,data/configurations/n21/coordinates.csv,certifiers/n21/spectral.py,certifiers/n21/componentwise.py,CERTIFIED,IMPROVED
22,195.0509,195.0509285606282366625159657811848282128262346335023127977568729555812,0.0000285606282366625159657811848282128262346335023127977568729555812,22,0.2094033230820947934910039579649111255419164313674012326139782012848653721952863752463879728897543627,retained D2 incumbent,,897,27,805,26,195.0509,EMAIL_SUBMITTED,data/configurations/n22/coordinates.csv,certifiers/n22/spectral.py,certifiers/n22/componentwise.py,CERTIFIED,RETAINED_NO_IMPROVEMENT_FOUND
23,205.7568,205.7568924460074085302161189319600666585470532542726903203784376332787,0.0000924460074085302161189319600666585470532542726903203784376332787,23,0.18425006704918060,retained D2 incumbent plus center,,994,26,909,26,205.7568,EMAIL_SUBMITTED,data/configurations/n23/coordinates.csv,certifiers/n23/spectral.py,certifiers/n23/componentwise.py,CERTIFIED,RETAINED_NO_IMPROVEMENT_FOUND
24,219.1522,219.1523530495103096312892454588488799213178617070040809399843047120469,0.0001530495103096312892454588488799213178617070040809399843047120469,24,0.1784627572280327482136267860628777852224689994326901805327487002221887273303481373464035220174538874,,40,617,25,611,23,215.5737,EMAIL_SUBMITTED,data/configurations/n24/coordinates.csv,certifiers/n24/spectral.py,certifiers/n24/componentwise.py,CERTIFIED,
25,228.9185,228.9186877050589527738719547903328745350124880043051595435302564682748,0.0001877050589527738719547903328745350124880043051595435302564682748,25,0.1683049875346869975932258864646466331244045007571197005398383467262445018822847188077111100511180069,,44,683,24,695,24,225.1002,EMAIL_SUBMITTED,data/configurations/n25/coordinates.csv,certifiers/n25/spectral.py,certifiers/n25/componentwise.py,CERTIFIED,
26,241.2678,241.2679935270798353656508510373240714930662120471231004394166441389776,0.0001935270798353656508510373240714930662120471231004394166441389776,26,0.1700653565393622,,38,828,25,808,24,234.7591,EMAIL_SUBMITTED,data/configurations/n26/coordinates.csv,certifiers/n26/spectral.py,certifiers/n26/componentwise.py,CERTIFIED,
27,252.6450,252.6452424116921305057358483145704448905819403893050567017529679123276,0.0002424116921305057358483145704448905819403893050567017529679123276,27,0.1709163210130844349359690320715959977619475228120519935800339891266147826751451316742020043144590246,,40,813,25,820,24,242.0551,EMAIL_SUBMITTED,data/configurations/n27/coordinates.csv,certifiers/n27/spectral.py,certifiers/n27/componentwise.py,CERTIFIED,
28,264.2347,264.2349637260080382704177830636070564229584274411602621005353841056871,0.0002637260080382704177830636070564229584274411602621005353841056871,28,0.1295988333089825,,46,780,23,817,22,252.4470,EMAIL_SUBMITTED,data/configurations/n28/coordinates.csv,certifiers/n28/spectral.py,certifiers/n28/componentwise.py,CERTIFIED,
29,272.4957,272.4959736464727481429440086732123476578222047663233015745527693010758,0.0002736464727481429440086732123476578222047663233015745527693010758,29,0.0049999891523434,,40,690,24,749,24,259.9483,EMAIL_SUBMITTED,data/configurations/n29/coordinates.csv,certifiers/n29/spectral.py,certifiers/n29/componentwise.py,CERTIFIED,
30,285.3265,285.3267423835499873642554058977523665598752655409914105986540815282277,0.0002423835499873642554058977523665598752655409914105986540815282277,30,0.1236005787208599,,46,877,24,865,23,268.3190,EMAIL_SUBMITTED,data/configurations/n30/coordinates.csv,certifiers/n30/spectral.py,certifiers/n30/componentwise.py,CERTIFIED,
31,294.2086,294.2088932704252170843699953245096665559280901871367758920078246527363,0.0002932704252170843699953245096665559280901871367758920078246527363,31,0.0050000000000000,,44,759,24,791,23,274.7270,EMAIL_SUBMITTED,data/configurations/n31/coordinates.csv,certifiers/n31/spectral.py,certifiers/n31/componentwise.py,CERTIFIED,
32,304.2807,304.2807991298781185957603711717828645387668450389000369132224171444483590605624390003441085898303779,0.0000991298781185957603711717828645387668450389000369132224171444483590605624390003441085898303779,32,0.0049999992751448,,42,773,26,811,26,279.8516,EMAIL_SUBMITTED,data/configurations/n32/coordinates.csv,certifiers/n32/spectral.py,certifiers/n32/componentwise.py,CERTIFIED,
33,311.6655,311.6656413296666505620349157977960506378859695368924000254784689314003520436554083900467029513646258,0.0001413296666505620349157977960506378859695368924000254784689314003520436554083900467029513646258,33,0.0049999999999986,,40,930,24,934,23,287.670,EMAIL_SUBMITTED,data/configurations/n33/coordinates.csv,certifiers/n33/spectral.py,certifiers/n33/componentwise.py,CERTIFIED,
34,323.4098,323.4099280973086468253695617515014097104618929356279128038698944696096058880976858297178984757655792,0.0001280973086468253695617515014097104618929356279128038698944696096058880976858297178984757655792,34,0.0049999993434081,,46,1481,26,1375,25,297.004,EMAIL_SUBMITTED,data/configurations/n34/coordinates.csv,certifiers/n34/spectral.py,certifiers/n34/componentwise.py,CERTIFIED,
35,329.7089,329.708966808635211631262588136276312845459070035093352818438400983573433466244801198883561,0.000066808635211631262588136276312845459070035093352818438400983573433466244801198883561,35,0.0049999999999947,,44,737,26,758,25,303.346,EMAIL_SUBMITTED,data/configurations/n35/coordinates.csv,certifiers/n35/spectral.py,certifiers/n35/componentwise.py,CERTIFIED,
36,338.8858,338.8859072386620636147954953852739303622711913241470814623722274862621226417423947542976411920704404,0.0001072386620636147954953852739303622711913241470814623722274862621226417423947542976411920704404,36,0.0049999999999017,,46,1146,25,1137,25,310.825,EMAIL_SUBMITTED,data/configurations/n36/coordinates.csv,certifiers/n36/spectral.py,certifiers/n36/componentwise.py,CERTIFIED,
37,345.0860,345.0860037237839640046511342999682273233660595581067608173844587961507,0.0000037237839640046511342999682273233660595581067608173844587961507,37,0.0007003808293093,,,808,32,851,31,,INTERNAL_ONLY_NOT_SUBMITTED,data/configurations/n37/coordinates.csv,certifiers/n37/spectral.py,certifiers/n37/componentwise.py,CERTIFIED,
38,353.5348,353.5348538828914511327797798718575853111721520458576835830046806653928,0.0000538828914511327797798718575853111721520458576835830046806653928,38,0.0010349597172930,,,821,28,823,27,,INTERNAL_ONLY_NOT_SUBMITTED,data/configurations/n38/coordinates.csv,certifiers/n38/spectral.py,certifiers/n38/componentwise.py,CERTIFIED,
39,360.2833,360.2833667511679034078744420016230881172589085477077488799663506802669,0.0000667511679034078744420016230881172589085477077488799663506802669,39,0.0006715856446353,,,839,26,828,25,,INTERNAL_ONLY_NOT_SUBMITTED,data/configurations/n39/coordinates.csv,certifiers/n39/spectral.py,certifiers/n39/componentwise.py,CERTIFIED,
40,368.2623,368.2623113949247621196175414104487811755707954705967016401313124033623,0.0000113949247621196175414104487811755707954705967016401313124033623,40,0.0004992791666397,,,1168,30,1094,30,,INTERNAL_ONLY_NOT_SUBMITTED,data/configurations/n40/coordinates.csv,certifiers/n40/spectral.py,certifiers/n40/componentwise.py,CERTIFIED,
41,373.6041,373.6042090094590316537439483987566796595349658444586491008385966467006,0.0001090094590316537439483987566796595349658444586491008385966467006,41,0.0009998000000000,,44,943,25,895,25,,INTERNAL_ONLY_NOT_SUBMITTED,data/configurations/n41/coordinates.csv,certifiers/n41/spectral.py,certifiers/n41/componentwise.py,CERTIFIED,
42,384.1543,384.1544423273646692830849170230814185831330253694403149195206961564534,0.0001423273646692830849170230814185831330253694403149195206961564534,42,0.0009999975522813,,45,969,26,958,26,,INTERNAL_ONLY_NOT_SUBMITTED,data/configurations/n42/coordinates.csv,certifiers/n42/spectral.py,certifiers/n42/componentwise.py,CERTIFIED,
43,390.6283,390.6283643450390038676817705483990028464831969997284287475540221010845,0.0000643450390038676817705483990028464831969997284287475540221010845,43,0.0009999973167817,,44,887,26,865,25,,INTERNAL_ONLY_NOT_SUBMITTED,data/configurations/n43/coordinates.csv,certifiers/n43/spectral.py,certifiers/n43/componentwise.py,CERTIFIED,
44,397.3562,397.3563022135288694235060205167016845044426315339540600044062205279512,0.0001022135288694235060205167016845044426315339540600044062205279512,44,0.0009999971002350,,42,906,27,914,26,,INTERNAL_ONLY_NOT_SUBMITTED,data/configurations/n44/coordinates.csv,certifiers/n44/spectral.py,certifiers/n44/componentwise.py,CERTIFIED,
45,403.2479,403.2479810710816605323014649212349728136516807409440258426997580492765,0.0000810710816605323014649212349728136516807409440258426997580492765,45,0.0010000015892116,,40,1125,27,1061,26,,INTERNAL_ONLY_NOT_SUBMITTED,data/configurations/n45/coordinates.csv,certifiers/n45/spectral.py,certifiers/n45/componentwise.py,CERTIFIED,
46,413.3754,413.3754963758078948106825477009202620960977652363703137817493206121647,0.0000963758078948106825477009202620960977652363703137817493206121647,46,0.0009999967921386,,41,1170,27,1131,27,,INTERNAL_ONLY_NOT_SUBMITTED,data/configurations/n46/coordinates.csv,certifiers/n46/spectral.py,certifiers/n46/componentwise.py,CERTIFIED,
47,419.3108,419.3108589936579161885156896545970298008536658723482581683873613485176,0.0000589936579161885156896545970298008536658723482581683873613485176,47,0.0009999966437545,,40,1160,27,1094,26,,INTERNAL_ONLY_NOT_SUBMITTED,data/configurations/n47/coordinates.csv,certifiers/n47/spectral.py,certifiers/n47/componentwise.py,CERTIFIED,
48,424.737,424.737309501846942823694304170516305103872331451597949932210,0.000309501846942823694304170516305103872331451597949932210,48,0.0009999967118562,,41,706,26,759,25,,INTERNAL_ONLY_NOT_SUBMITTED,data/configurations/n48/coordinates.csv,certifiers/n48/spectral.py,certifiers/n48/componentwise.py,CERTIFIED,
49,430.863,430.863574670618730914277463606819232276943929761867329393930,0.000574670618730914277463606819232276943929761867329393930,49,0.0009999962028269,,40,902,23,900,23,,INTERNAL_ONLY_NOT_SUBMITTED,data/configurations/n49/coordinates.csv,certifiers/n49/spectral.py,certifiers/n49/componentwise.py,CERTIFIED,
50,439.641,439.641625810021380025461811093507147670591700161775643995338,0.000625810021380025461811093507147670591700161775643995338,50,0.0010002944157835,,41,915,24,936,24,,INTERNAL_ONLY_NOT_SUBMITTED,data/configurations/n50/coordinates.csv,certifiers/n50/spectral.py,certifiers/n50/componentwise.py,CERTIFIED,
51,445.846,445.846170450057918286155620272709091697259226886993240534526,0.000170450057918286155620272709091697259226886993240534526,51,0.0009999958709469,,40,825,26,856,26,,INTERNAL_ONLY_NOT_SUBMITTED,data/configurations/n51/coordinates.csv,certifiers/n51/spectral.py,certifiers/n51/componentwise.py,CERTIFIED,
52,451.191,451.191686411541102117564578033891478827889263003510087918919,0.000686411541102117564578033891478827889263003510087918919,52,0.0009999995858618,,41,721,23,767,22,,INTERNAL_ONLY_NOT_SUBMITTED,data/configurations/n52/coordinates.csv,certifiers/n52/spectral.py,certifiers/n52/componentwise.py,CERTIFIED,
